Month,Low_p05,Low_p16,Low_p50,Low_p84,Low_p95,High_p05,High_p16,High_p50,High_p84,High_p95
2026-05,68096.53046354183,71057.82706245863,74590.68716747614,76946.32402785323,78598.54839618132,75146.96463142034,76434.74675472871,78975.59584144976,83232.53967842333,86382.6605231142
2026-06,59121.24858788749,64356.65841374585,71733.66794694585,78313.53598155148,82827.75575483625,72434.81188775966,76444.25702909034,83826.20210308075,93860.00451989617,102433.5631553129
2026-07,54510.55332415041,61248.43248907645,72442.13214577039,84875.78138456085,94094.98531652697,65892.39139994272,73130.1698535568,85956.90838529429,101775.68209335872,114588.78904188596
2026-08,51468.75833068054,59375.92179702291,73453.53736614154,90071.9077998942,104083.79630142762,61925.43766282145,71229.90909149373,87454.59768504393,107989.2785145429,125290.49004271821
2026-09,49438.6145343823,58496.77882710784,74907.84635517764,95318.44506165807,111958.13219526873,59058.266927253964,69400.06667501898,88868.32936353263,114018.99703820956,134321.409810316
2026-10,47919.752229243255,57554.228978861305,76226.42151493553,100128.85511325304,120240.73673552148,57099.30435991844,68617.52860083345,90837.19058784479,119624.5053862343,144443.50190395443
2026-11,46438.01989287898,56936.17739550327,77737.24645679077,105297.45795502153,128824.01108835114,55545.23330772474,67921.6677429505,92658.75906715292,125799.4914052797,154371.38478728055
2026-12,45467.3238092096,56487.6195936733,78858.96945488163,110166.96013087736,137015.7231463962,54085.468137634074,67213.24538026407,94178.77508036356,132230.49146703878,165295.06212893574
2027-01,44720.20971630505,55817.97025924671,80481.27758428887,115343.82621886117,146071.71616185963,53256.60094134179,66675.1021572331,95626.77059378644,137934.77969562152,174980.51648645685
2027-02,43827.26747617411,55707.163762293094,82145.12573368312,121107.93421885352,153742.86121104317,51806.219640099785,65615.3731199616,96756.3912626603,143597.4793814001,183583.21126729884
2027-03,42146.43136220793,54907.567168915215,82744.20502660213,124779.06009359095,162383.96932220948,50915.554999784516,65583.6205290693,99201.20454797732,149490.3884907663,194732.45126114337
2027-04,41784.94770648806,54927.84316603984,84395.59707596444,130694.4814444945,171073.87649302642,49892.83804241679,65346.82564138937,100182.18761648772,155803.5019450587,203946.04844824187
